Workbook

Sheet IOC Log
A1: SOC ANALYST — IOC EVIDENCE TRACKER William James Real Lab Artifacts — Home Lab Detection Engineering Portfolio
A4: # | B4: DATE | C4: LAB / PROJECT | D4: INCIDENT ID | E4: IOC TYPE | F4: IOC VALUE / INDICATOR | G4: SOURCE IP | H4: DEST IP / TARGET | I4: PORT | J4: PROTOCOL | K4: MITRE TACTIC | L4: MITRE ID | M4: TOOL / SIEM | N4: RULE / SID / EID | O4: SEVERITY | P4: STATUS | Q4: FP? | R4: EVIDENCE / NOTES
A5: 1 | B5: 2025-10-01 | C5: Wazuh SSH Brute-Force | D5: INC-001 | E5: IP Address | F5: 192.168.64.15 | G5: 192.168.64.15 | H5: Ubuntu Agent | I5: 22 | J5: SSH | K5: Credential Access | L5: T1110 | M5: Wazuh SIEM | N5: Rule 5760 / 40112 | O5: CRITICAL | P5: CLOSED | Q5: No | R5: Kali attacker — 88 failed logins then 8 successes. Wazuh rule 40112 fired Level-12 compromise alert. T1110 Brute Force confirmed.
A6: 2 | B6: 2025-10-01 | C6: Wazuh SSH Brute-Force | D6: INC-001 | E6: Authentication Event | F6: 88 Failed + 8 Successful SSH logins | G6: 192.168.64.15 | H6: 10.0.0.12 | I6: 22 | J6: SSH | K6: Credential Access | L6: T1110.001 | M6: Wazuh SIEM | N6: Rule 5760 | O6: CRITICAL | P6: CLOSED | Q6: No | R6: Rule 5760 fired on repeated auth failures; escalated to rule 40112 on confirmed compromise. Level-12 alert generated.
A7: 3 | B7: 2025-10-14 | C7: Suricata Custom Rules | D7: INC-002 | E7: Network Scan | F7: TCP SYN Port Scan | G7: 192.168.64.15 | H7: 192.168.64.0/24 | I7: 1-65535 | J7: TCP | K7: Discovery | L7: T1046 | M7: Suricata IDS | N7: sid:1000001 | O7: MEDIUM | P7: CLOSED | Q7: No | R7: Custom Suricata rule sid:1000001 fired on live Kali port scan. Alert confirmed via fast.log and eve.json. T1046 Network Service Discovery.
A8: 4 | B8: 2025-10-14 | C8: Suricata Custom Rules | D8: INC-002 | E8: Brute Force Attempt | F8: SSH Brute Force Traffic | G8: 192.168.64.15 | H8: 192.168.64.10 | I8: 22 | J8: SSH | K8: Credential Access | L8: T1110 | M8: Suricata IDS | N8: sid:1000002 | O8: HIGH | P8: CLOSED | Q8: No | R8: Custom rule sid:1000002 triggered on SSH brute-force payload from Kali VM. Both custom rules validated against live attack traffic.
A9: 5 | B9: 2025-11-02 | C9: Wireshark PCAP Analysis | D9: INC-003 | E9: Network Scan | F9: TCP SYN Scan Pattern | G9: 192.168.64.15 | H9: 192.168.64.1 | I9: 1-1024 | J9: TCP | K9: Discovery | L9: T1046 | M9: Wireshark | N9: Display Filter: tcp.flags.syn==1 | O9: MEDIUM | P9: CLOSED | Q9: No | R9: PCAP Scenario 1 — TCP SYN port scan identified via Wireshark. Half-open connections with no ACK completion. Nmap stealth scan signature.
A10: 6 | B10: 2025-11-02 | C10: Wireshark PCAP Analysis | D10: INC-003 | E10: Brute Force | F10: SSH Login Burst — 200+ attempts | G10: 192.168.64.15 | H10: 192.168.64.10 | I10: 22 | J10: SSH | K10: Credential Access | L10: T1110 | M10: Wireshark | N10: Display Filter: tcp.port==22 | O10: HIGH | P10: CLOSED | Q10: No | R10: PCAP Scenario 2 — SSH brute-force traffic pattern. High-frequency TCP SYN to port 22, rapid RST responses on failed auth.
A11: 7 | B11: 2025-11-02 | C11: Wireshark PCAP Analysis | D11: INC-003 | E11: Credential Exposure | F11: FTP Credentials in Cleartext | G11: 192.168.64.15 | H11: 192.168.64.10 | I11: 21 | J11: FTP | K11: Credential Access | L11: T1552.001 | M11: Wireshark | N11: Display Filter: ftp contains USER | O11: CRITICAL | P11: CLOSED | Q11: No | R11: PCAP Scenario 3 — FTP credentials transmitted in plaintext. Username and password captured via Follow TCP Stream. T1552.001 Credentials in Files.
A12: 8 | B12: 2025-11-02 | C12: Wireshark PCAP Analysis | D12: INC-003 | E12: DNS Exfiltration | F12: Encoded data in DNS TXT queries | G12: 192.168.64.15 | H12: 8.8.8.8 | I12: 53 | J12: DNS | K12: Exfiltration | L12: T1048.003 | M12: Wireshark | N12: Display Filter: dns.qry.type==16 | O12: HIGH | P12: CLOSED | Q12: No | R12: PCAP Scenario 4 — Anomalous DNS TXT record queries. Encoded payload observed in subdomain labels. Consistent with DNS tunnelling / exfiltration pattern.
A13: 9 | B13: 2025-11-15 | C13: PowerShell Forensics | D13: INC-004 | E13: Malicious Script | F13: Base64-encoded PowerShell payload | G13: JAMES-VM | H13: JAMES-VM | I13: N/A | J13: N/A | K13: Execution | L13: T1059.001 | M13: Sysmon / Defender | N13: Sysmon EID 4104 | O13: HIGH | P13: CLOSED | Q13: No | R13: Sysmon EID 4104 (Script Block Logging) captured obfuscated base64 PowerShell on JAMES-VM. Decoded via [System.Text.Encoding]::Unicode.GetString. T1059.001 confirmed.
A14: 10 | B14: 2025-11-15 | C14: PowerShell Forensics | D14: INC-004 | E14: Process Creation | F14: powershell.exe -EncodedCommand | G14: JAMES-VM | H14: JAMES-VM | I14: N/A | J14: N/A | K14: Execution | L14: T1059.001 | M14: Sysmon | N14: Sysmon EID 1 | O14: HIGH | P14: CLOSED | Q14: No | R14: Sysmon EID 1 (Process Creation) logged powershell.exe launch with -EncodedCommand flag. Parent process and command line recovered for full kill chain.
A15: 11 | B15: 2025-12-01 | C15: soc-ai-era-detection-lab | D15: INC-005 | E15: IP Address | F15: 185.220.101.34 | G15: 185.220.101.34 | H15: AI Orchestration Layer | I15: 443 | J15: HTTPS | K15: Command & Control | L15: TA0011 | M15: Splunk / Custom | N15: Custom Sigma Rule | O15: CRITICAL | P15: ESCALATED | Q15: No | R15: TOR-affiliated IP. 1,877 records exfiltrated via MCP tool abuse. IOC confirmed across 4-day NHI abuse / prompt injection correlation exercise.
A16: 12 | B16: 2025-12-01 | C16: soc-ai-era-detection-lab | D16: INC-005 | E16: Exfiltration Event | F16: 1,877 records exfiltrated via MCP | G16: 185.220.101.34 | H16: External | I16: 443 | J16: HTTPS | K16: Exfiltration | L16: TA0010 | M16: Custom Detection | N16: Sigma — MCP Exfil Rule | O16: CRITICAL | P16: ESCALATED | Q16: No | R16: MCP tool abuse chain: prompt injection → NHI token hijack → data exfiltration. 1,877 records confirmed exfiltrated to 185.220.101.34 over 4-day window.
... A28: 24 | B28: 2025-12-05 | C28: Microsoft Sentinel Lab | D28: INC-010 | E28: Threat Hunt | F28: KQL anomalous signin detection | G28: Azure AD | H28: Sentinel Workspace | I28: N/A | J28: HTTPS | K28: Initial Access | L28: T1078.004 | M28: Microsoft Sentinel | N28: KQL Analytics Rule | O28: MEDIUM | P28: MONITORING | Q28: No | R28: KQL query: SecurityEvent | where EventID == 4625 | summarize count() by Account, IPAddress. Anomalous signin pattern from unexpected geography detected.
A29: TOTAL IOCs LOGGED: 24 | Q29: =COUNTIF(Q5:Q28,"Yes") -> 1

Sheet Pivot Summary
A1: INCIDENT PIVOT SUMMARY — Real Lab Evidence
A4: SEVERITY BREAKDOWN | D4: LAB PROJECT COVERAGE
A5: Severity | B5: Count | C5: % of Total | D5: Lab Project | E5: IOC Count
A6: CRITICAL | B6: =COUNTIF('IOC Log'!O5:O28,"CRITICAL") -> 8 | C6: =IF(B6=0,0,B6/SUM(B6:B9)) -> 0.33333333 | D6: Wazuh SSH Brute-Force | E6: 2
A7: HIGH | B7: =COUNTIF('IOC Log'!O5:O28,"HIGH") -> 12 | C7: =IF(B7=0,0,B7/SUM(B6:B9)) -> 0.5 | D7: Suricata Custom Rules | E7: 2
A8: MEDIUM | B8: =COUNTIF('IOC Log'!O5:O28,"MEDIUM") -> 3 | C8: =IF(B8=0,0,B8/SUM(B6:B9)) -> 0.125 | D8: Wireshark PCAP Analysis | E8: 4
A9: LOW | B9: =COUNTIF('IOC Log'!O5:O28,"LOW") -> 1 | C9: =IF(B9=0,0,B9/SUM(B6:B9)) -> 0.041666667 | D9: PowerShell Forensics | E9: 2
D10: soc-ai-era-detection-lab | E10: 4
D11: Splunk SIEM Lab | E11: 4
A12: STATUS BREAKDOWN | D12: SigmaHQ Contributions | E12: 2
A13: Status | B13: Count | D13: AWS CloudTrail Lab | E13: 3
A14: OPEN | B14: =COUNTIF('IOC Log'!P5:P28,"OPEN") -> 4 | D14: Microsoft Sentinel Lab | E14: 1
A15: ESCALATED | B15: =COUNTIF('IOC Log'!P5:P28,"ESCALATED") -> 4
A16: MONITORING | B16: =COUNTIF('IOC Log'!P5:P28,"MONITORING") -> 1
A17: CONTAINED | B17: =COUNTIF('IOC Log'!P5:P28,"CONTAINED") -> 0
A18: CLOSED | B18: =COUNTIF('IOC Log'!P5:P28,"CLOSED") -> 14
A19: FALSE POSITIVE | B19: =COUNTIF('IOC Log'!P5:P28,"FALSE POSITIVE") -> 1
A22: MITRE ATT&CK TACTIC BREAKDOWN
A23: MITRE Tactic | B23: Count | C23: Lab Source
A24: Credential Access | B24: T1110 / T1552 | C24: Wazuh, Suricata, Splunk, Wireshark
A25: Execution | B25: T1059.001 / T1059.003 | C25: PowerShell Forensics, Splunk
A26: Exfiltration | B26: TA0010 / T1048.003 | C26: soc-ai-era-lab, Wireshark PCAP
A27: Command & Control | B27: TA0011 | C27: soc-ai-era-lab, SigmaHQ
A28: Persistence | B28: TA0003 / T1136.001 | C28: Splunk, AWS CloudTrail, SigmaHQ
A29: Privilege Escalation | B29: T1078.004 / T1098 | C29: AWS CloudTrail
A30: Discovery | B30: T1046 | C30: Suricata, Wireshark
A31: Initial Access | B31: T1190 | C31: soc-ai-era-lab, Sentinel
A32: Lateral Movement | B32: T1021.006 | C32: Splunk Attack Chain

Sheet IP Correlation
A1: IP CORRELATION — VLOOKUP Threat Intel Cross-Reference (Real Lab IOCs)
A4: THREAT INTELLIGENCE REFERENCE TABLE
A5: IP / Indicator | B5: Threat Type | C5: Confidence | D5: Intel Source | E5: Lab Confirmed
A6: 185.220.101.34 | B6: TOR Node / MCP Exfil C2 | C6: CRITICAL | D6: soc-ai-era-lab (1,877 records) | E6: Yes
A7: 192.168.64.15 | B7: Kali Attacker — SSH Brute Force | C7: HIGH | D7: Wazuh + Suricata Lab | E7: Yes
A8: 203.0.113.99 | B8: SSH Brute Force | C8: HIGH | D8: AlienVault OTX | E8: External
A9: malware-cdn.ru | B9: C2 Domain | C9: HIGH | D9: AbuseIPDB | E9: External
A10: 185.220.101.45 | B10: TOR Exit Node | C10: CRITICAL | D10: AbuseIPDB / VirusTotal | E10: External
A14: VLOOKUP — CHECK OBSERVED IP AGAINST THREAT INTEL
A15: Observed IP | B15: Threat Type | C15: Confidence | D15: Intel Source | E15: MATCH RESULT | F15: Lab
A16: 185.220.101.34 | B16: =IFERROR(VLOOKUP(A16,$A$6:$E$10,2,FALSE()),"Not Found") -> TOR Node / MCP Exfil C2 | C16: =IFERROR(VLOOKUP(A16,$A$6:$E$10,3,FALSE()),"Not Found") -> CRITICAL | D16: =IFERROR(VLOOKUP(A16,$A$6:$E$10,4,FALSE()),"Not Found") -> soc-ai-era-lab (1,877 records) | E16: =IF(ISERROR(VLOOKUP(A16,$A$6:$A$10,1,FALSE())),"CLEAN","MALICIOUS") -> MALICIOUS | F16: soc-ai-era-lab
A17: 192.168.64.15 | B17: =IFERROR(VLOOKUP(A17,$A$6:$E$10,2,FALSE()),"Not Found") -> Kali Attacker — SSH Brute Force | C17: =IFERROR(VLOOKUP(A17,$A$6:$E$10,3,FALSE()),"Not Found") -> HIGH | D17: =IFERROR(VLOOKUP(A17,$A$6:$E$10,4,FALSE()),"Not Found") -> Wazuh + Suricata Lab | E17: =IF(ISERROR(VLOOKUP(A17,$A$6:$A$10,1,FALSE())),"CLEAN","MALICIOUS") -> MALICIOUS | F17: Wazuh/Suricata
A18: 10.0.0.55 | B18: =IFERROR(VLOOKUP(A18,$A$6:$E$10,2,FALSE()),"Not Found") -> Not Found | C18: =IFERROR(VLOOKUP(A18,$A$6:$E$10,3,FALSE()),"Not Found") -> Not Found | D18: =IFERROR(VLOOKUP(A18,$A$6:$E$10,4,FALSE()),"Not Found") -> Not Found | E18: =IF(ISERROR(VLOOKUP(A18,$A$6:$A$10,1,FALSE())),"CLEAN","MALICIOUS") -> CLEAN | F18: Splunk Lab
A19: 185.220.101.45 | B19: =IFERROR(VLOOKUP(A19,$A$6:$E$10,2,FALSE()),"Not Found") -> TOR Exit Node | C19: =IFERROR(VLOOKUP(A19,$A$6:$E$10,3,FALSE()),"Not Found") -> CRITICAL | D19: =IFERROR(VLOOKUP(A19,$A$6:$E$10,4,FALSE()),"Not Found") -> AbuseIPDB / VirusTotal | E19: =IF(ISERROR(VLOOKUP(A19,$A$6:$A$10,1,FALSE())),"CLEAN","MALICIOUS") -> MALICIOUS | F19: External TI
A20: 172.16.0.5 | B20: =IFERROR(VLOOKUP(A20,$A$6:$E$10,2,FALSE()),"Not Found") -> Not Found | C20: =IFERROR(VLOOKUP(A20,$A$6:$E$10,3,FALSE()),"Not Found") -> Not Found | D20: =IFERROR(VLOOKUP(A20,$A$6:$E$10,4,FALSE()),"Not Found") -> Not Found | E20: =IF(ISERROR(VLOOKUP(A20,$A$6:$A$10,1,FALSE())),"CLEAN","MALICIOUS") -> CLEAN | F20: Internal
